[
    {
      "id": "ba9f3ac6-c442-4cd0-815a-b0b9b625b772",
      "name": "Chilonzor",
      "address": "Bunyodkor ko'chasi 100, 4 uy"
    },
    {
      "id": "c29047e7-9bfa-4ea6-8ae7-7ef095698dda",
      "name": "C1",
      "address": "Amir Temur ko'chasi  74 uy"
    },
    {
      "id": "f7497e5f-ce02-452b-8ea4-d5aab1c69a1c",
      "name": "maksim_gorkiy",
      "address": "Buyuk Ipak yo'li ko'chasi"
    },
    {
      "id": "c64f8f47-93e2-4f34-b6b0-279146231d8e",
      "name": "Uacademy",
      "address": "Shahriobod ko'chasi"
    }
  ]
  