[
    {
        "id": "52675e16-f992-41ae-9f8d-ec2fd8c77e44",
        "name": "Meva"
    },
    {
        "id": "ff4cb227-92d7-4a7f-83fb-4d7e3e52d4aa",
        "name": "Ichimlik"
    },
    {
        "id": "b8301a79-a369-40b5-b518-3d68d2b43c38",
        "name": "Sut mahsulotlari"
    },
    {
        "id": "0cd904d0-2817-4d6a-8eb4-24f960b7d08b",
        "name": "Shirinlik"
    },
    {
        "id": "d6b9e087-6c76-4355-a461-b8e6041d6c4a",
        "name": "Ziravor"
    },
    {
        "id": "1c9662ae-4edb-4140-ac0a-4b3c21d3332d",
        "name": "Sabzavod"
    },
    {
        "id": "a6b039b8-d47f-43bc-9b87-f38bec06da77",
        "name": "FastFood"
    }
]